{
  "id": "3683965",
  "name": "阿里终端练习生",
  "font_family": "iconfont",
  "css_prefix_text": "icon-",
  "description": "",
  "glyphs": [
    {
      "icon_id": "33519",
      "name": "home_fill",
      "font_class": "homefill",
      "unicode": "e6c4",
      "unicode_decimal": 59076
    },
    {
      "icon_id": "6775452",
      "name": "步行",
      "font_class": "yiliaohangyedeICON-",
      "unicode": "e636",
      "unicode_decimal": 58934
    },
    {
      "icon_id": "32144328",
      "name": "步行-copy-copy",
      "font_class": "yiliaohangyedeICON--copy-copy",
      "unicode": "e7b5",
      "unicode_decimal": 59317
    },
    {
      "icon_id": "1611119",
      "name": "菜单",
      "font_class": "caidan",
      "unicode": "e601",
      "unicode_decimal": 58881
    },
    {
      "icon_id": "29929",
      "name": "emoji",
      "font_class": "emoji",
      "unicode": "e64a",
      "unicode_decimal": 58954
    },
    {
      "icon_id": "29930",
      "name": "favor_fill",
      "font_class": "favorfill",
      "unicode": "e64b",
      "unicode_decimal": 58955
    },
    {
      "icon_id": "29931",
      "name": "favor",
      "font_class": "favor",
      "unicode": "e64c",
      "unicode_decimal": 58956
    },
    {
      "icon_id": "29934",
      "name": "loading",
      "font_class": "loading",
      "unicode": "e64f",
      "unicode_decimal": 58959
    },
    {
      "icon_id": "29935",
      "name": "location_fill",
      "font_class": "locationfill",
      "unicode": "e650",
      "unicode_decimal": 58960
    },
    {
      "icon_id": "29936",
      "name": "location",
      "font_class": "location",
      "unicode": "e651",
      "unicode_decimal": 58961
    },
    {
      "icon_id": "29941",
      "name": "round_check_fill",
      "font_class": "roundcheckfill",
      "unicode": "e656",
      "unicode_decimal": 58966
    },
    {
      "icon_id": "29942",
      "name": "round_check",
      "font_class": "roundcheck",
      "unicode": "e657",
      "unicode_decimal": 58967
    },
    {
      "icon_id": "29943",
      "name": "round_close_fill",
      "font_class": "roundclosefill",
      "unicode": "e658",
      "unicode_decimal": 58968
    },
    {
      "icon_id": "29944",
      "name": "round_close",
      "font_class": "roundclose",
      "unicode": "e659",
      "unicode_decimal": 58969
    },
    {
      "icon_id": "29945",
      "name": "round_right_fill",
      "font_class": "roundrightfill",
      "unicode": "e65a",
      "unicode_decimal": 58970
    },
    {
      "icon_id": "29946",
      "name": "round_right",
      "font_class": "roundright",
      "unicode": "e68b",
      "unicode_decimal": 59019
    },
    {
      "icon_id": "29947",
      "name": "search",
      "font_class": "search",
      "unicode": "e68c",
      "unicode_decimal": 59020
    },
    {
      "icon_id": "30441",
      "name": "back",
      "font_class": "back",
      "unicode": "e68d",
      "unicode_decimal": 59021
    },
    {
      "icon_id": "30450",
      "name": "list",
      "font_class": "list",
      "unicode": "e68e",
      "unicode_decimal": 59022
    },
    {
      "icon_id": "30452",
      "name": "more",
      "font_class": "more",
      "unicode": "e68f",
      "unicode_decimal": 59023
    },
    {
      "icon_id": "30480",
      "name": "settings",
      "font_class": "settings",
      "unicode": "e690",
      "unicode_decimal": 59024
    },
    {
      "icon_id": "32091",
      "name": "top",
      "font_class": "top",
      "unicode": "e69e",
      "unicode_decimal": 59038
    },
    {
      "icon_id": "32305",
      "name": "right",
      "font_class": "right",
      "unicode": "e6a3",
      "unicode_decimal": 59043
    },
    {
      "icon_id": "32312",
      "name": "refresh",
      "font_class": "refresh",
      "unicode": "e6a4",
      "unicode_decimal": 59044
    },
    {
      "icon_id": "32326",
      "name": "more_android",
      "font_class": "moreandroid",
      "unicode": "e6a5",
      "unicode_decimal": 59045
    },
    {
      "icon_id": "32462",
      "name": "delete_fill",
      "font_class": "deletefill",
      "unicode": "e6a6",
      "unicode_decimal": 59046
    },
    {
      "icon_id": "32477",
      "name": "delete",
      "font_class": "delete",
      "unicode": "e6c2",
      "unicode_decimal": 59074
    },
    {
      "icon_id": "33516",
      "name": "home",
      "font_class": "home",
      "unicode": "e6c3",
      "unicode_decimal": 59075
    },
    {
      "icon_id": "38737",
      "name": "square_check_fill",
      "font_class": "squarecheckfill",
      "unicode": "e6d4",
      "unicode_decimal": 59092
    },
    {
      "icon_id": "38739",
      "name": "square",
      "font_class": "square",
      "unicode": "e6d5",
      "unicode_decimal": 59093
    },
    {
      "icon_id": "38741",
      "name": "square_check",
      "font_class": "squarecheck",
      "unicode": "e6d6",
      "unicode_decimal": 59094
    },
    {
      "icon_id": "38743",
      "name": "round",
      "font_class": "round",
      "unicode": "e6d7",
      "unicode_decimal": 59095
    },
    {
      "icon_id": "38747",
      "name": "add",
      "font_class": "add",
      "unicode": "e6da",
      "unicode_decimal": 59098
    },
    {
      "icon_id": "61143",
      "name": "share",
      "font_class": "share",
      "unicode": "e6f3",
      "unicode_decimal": 59123
    },
    {
      "icon_id": "176307",
      "name": "attention_fill",
      "font_class": "attentionfill",
      "unicode": "e73c",
      "unicode_decimal": 59196
    },
    {
      "icon_id": "176308",
      "name": "attention",
      "font_class": "attention",
      "unicode": "e73d",
      "unicode_decimal": 59197
    },
    {
      "icon_id": "212330",
      "name": "tag_fill",
      "font_class": "tagfill",
      "unicode": "e751",
      "unicode_decimal": 59217
    },
    {
      "icon_id": "212331",
      "name": "tag",
      "font_class": "tag",
      "unicode": "e752",
      "unicode_decimal": 59218
    },
    {
      "icon_id": "252290",
      "name": "add",
      "font_class": "add1",
      "unicode": "e767",
      "unicode_decimal": 59239
    },
    {
      "icon_id": "252291",
      "name": "move",
      "font_class": "move",
      "unicode": "e768",
      "unicode_decimal": 59240
    },
    {
      "icon_id": "833470",
      "name": "attention_forbid",
      "font_class": "attentionforbid",
      "unicode": "e7b2",
      "unicode_decimal": 59314
    },
    {
      "icon_id": "833471",
      "name": "attention_forbid_fill",
      "font_class": "attentionforbidfill",
      "unicode": "e7b3",
      "unicode_decimal": 59315
    },
    {
      "icon_id": "1709166",
      "name": "暴风雨-1",
      "font_class": "baofengyu-",
      "unicode": "e6ae",
      "unicode_decimal": 59054
    },
    {
      "icon_id": "1709167",
      "name": "风",
      "font_class": "feng",
      "unicode": "e6af",
      "unicode_decimal": 59055
    },
    {
      "icon_id": "1709168",
      "name": "多云",
      "font_class": "duoyun",
      "unicode": "e6b0",
      "unicode_decimal": 59056
    },
    {
      "icon_id": "1709169",
      "name": "暴风雨",
      "font_class": "baofengyu",
      "unicode": "e6b1",
      "unicode_decimal": 59057
    },
    {
      "icon_id": "1709170",
      "name": "霾",
      "font_class": "mai",
      "unicode": "e6b2",
      "unicode_decimal": 59058
    },
    {
      "icon_id": "1709171",
      "name": "风向袋",
      "font_class": "fengxiangdai",
      "unicode": "e6b3",
      "unicode_decimal": 59059
    },
    {
      "icon_id": "1709172",
      "name": "冬天",
      "font_class": "dongtian",
      "unicode": "e6b4",
      "unicode_decimal": 59060
    },
    {
      "icon_id": "1709173",
      "name": "风-1",
      "font_class": "feng-",
      "unicode": "e6b5",
      "unicode_decimal": 59061
    },
    {
      "icon_id": "1709174",
      "name": "霾-1",
      "font_class": "mai-",
      "unicode": "e6b6",
      "unicode_decimal": 59062
    },
    {
      "icon_id": "1709175",
      "name": "风-2",
      "font_class": "feng-1",
      "unicode": "e6b7",
      "unicode_decimal": 59063
    },
    {
      "icon_id": "1709176",
      "name": "雪",
      "font_class": "xue",
      "unicode": "e6b8",
      "unicode_decimal": 59064
    },
    {
      "icon_id": "1709177",
      "name": "气温",
      "font_class": "qiwen",
      "unicode": "e6b9",
      "unicode_decimal": 59065
    },
    {
      "icon_id": "1709178",
      "name": "晴",
      "font_class": "qing",
      "unicode": "e6ba",
      "unicode_decimal": 59066
    },
    {
      "icon_id": "1709179",
      "name": "雪-1",
      "font_class": "xue-",
      "unicode": "e6bb",
      "unicode_decimal": 59067
    },
    {
      "icon_id": "1709180",
      "name": "晴-1",
      "font_class": "qing-",
      "unicode": "e6bc",
      "unicode_decimal": 59068
    },
    {
      "icon_id": "1709181",
      "name": "气温-1",
      "font_class": "qiwen-",
      "unicode": "e6bd",
      "unicode_decimal": 59069
    },
    {
      "icon_id": "1709182",
      "name": "阴",
      "font_class": "yin",
      "unicode": "e6be",
      "unicode_decimal": 59070
    },
    {
      "icon_id": "1709183",
      "name": "雨",
      "font_class": "yu",
      "unicode": "e6bf",
      "unicode_decimal": 59071
    },
    {
      "icon_id": "1709184",
      "name": "天",
      "font_class": "yitian",
      "unicode": "e6c0",
      "unicode_decimal": 59072
    },
    {
      "icon_id": "1709185",
      "name": "雨-1",
      "font_class": "yu-",
      "unicode": "e6c1",
      "unicode_decimal": 59073
    },
    {
      "icon_id": "15954600",
      "name": "城市_fill",
      "font_class": "city_fill",
      "unicode": "e79d",
      "unicode_decimal": 59293
    },
    {
      "icon_id": "17812001",
      "name": "阴天",
      "font_class": "yintian",
      "unicode": "e65b",
      "unicode_decimal": 58971
    },
    {
      "icon_id": "17812002",
      "name": "多云",
      "font_class": "duoyun1",
      "unicode": "e65c",
      "unicode_decimal": 58972
    },
    {
      "icon_id": "17815926",
      "name": "阴转晴",
      "font_class": "yinzhuanqing",
      "unicode": "e65d",
      "unicode_decimal": 58973
    },
    {
      "icon_id": "17815927",
      "name": "晴转阴",
      "font_class": "qingzhuanyin",
      "unicode": "e65e",
      "unicode_decimal": 58974
    },
    {
      "icon_id": "17815928",
      "name": "夜间阴",
      "font_class": "yejianyin",
      "unicode": "e65f",
      "unicode_decimal": 58975
    },
    {
      "icon_id": "17816091",
      "name": "夜间多云",
      "font_class": "yejianduoyun",
      "unicode": "e660",
      "unicode_decimal": 58976
    },
    {
      "icon_id": "17816092",
      "name": "多云转晴",
      "font_class": "duoyunzhuanqing",
      "unicode": "e661",
      "unicode_decimal": 58977
    },
    {
      "icon_id": "17816093",
      "name": "晴转多云",
      "font_class": "qingzhuanduoyun",
      "unicode": "e662",
      "unicode_decimal": 58978
    },
    {
      "icon_id": "17816371",
      "name": "夜间大风",
      "font_class": "yejiandafeng",
      "unicode": "e663",
      "unicode_decimal": 58979
    },
    {
      "icon_id": "17816372",
      "name": "大风转晴",
      "font_class": "dafengzhuanqing",
      "unicode": "e664",
      "unicode_decimal": 58980
    },
    {
      "icon_id": "17816373",
      "name": "晴转大风",
      "font_class": "qingzhuandafeng",
      "unicode": "e665",
      "unicode_decimal": 58981
    },
    {
      "icon_id": "17816582",
      "name": "晴转雨",
      "font_class": "qingzhuanyu",
      "unicode": "e666",
      "unicode_decimal": 58982
    },
    {
      "icon_id": "17816583",
      "name": "夜间雨",
      "font_class": "yejianyu",
      "unicode": "e667",
      "unicode_decimal": 58983
    },
    {
      "icon_id": "17816584",
      "name": "雨转晴",
      "font_class": "yuzhuanqing",
      "unicode": "e668",
      "unicode_decimal": 58984
    },
    {
      "icon_id": "17816888",
      "name": "晴转雪",
      "font_class": "qingzhuanxue",
      "unicode": "e669",
      "unicode_decimal": 58985
    },
    {
      "icon_id": "17816889",
      "name": "雪转晴",
      "font_class": "xuezhuanqing",
      "unicode": "e66a",
      "unicode_decimal": 58986
    },
    {
      "icon_id": "17816890",
      "name": "夜间雪",
      "font_class": "yejianxue",
      "unicode": "e66b",
      "unicode_decimal": 58987
    },
    {
      "icon_id": "17817740",
      "name": "晴转雨夹雪",
      "font_class": "qingzhuanyujiaxue",
      "unicode": "e66c",
      "unicode_decimal": 58988
    },
    {
      "icon_id": "17817741",
      "name": "夜间雨夹雪",
      "font_class": "yejianyujiaxue",
      "unicode": "e66d",
      "unicode_decimal": 58989
    },
    {
      "icon_id": "17817742",
      "name": "雨夹雪转晴",
      "font_class": "yujiaxuezhuanqing",
      "unicode": "e66e",
      "unicode_decimal": 58990
    },
    {
      "icon_id": "17817889",
      "name": "晴转闪电",
      "font_class": "qingzhuanshandian",
      "unicode": "e66f",
      "unicode_decimal": 58991
    },
    {
      "icon_id": "17817890",
      "name": "闪电转晴",
      "font_class": "shandianzhuanqing",
      "unicode": "e670",
      "unicode_decimal": 58992
    },
    {
      "icon_id": "17817891",
      "name": "夜间闪电",
      "font_class": "yejianshandian",
      "unicode": "e671",
      "unicode_decimal": 58993
    },
    {
      "icon_id": "17827594",
      "name": "夜间晴",
      "font_class": "yejianqing",
      "unicode": "e672",
      "unicode_decimal": 58994
    },
    {
      "icon_id": "17827790",
      "name": "冻雨",
      "font_class": "dongyu",
      "unicode": "e673",
      "unicode_decimal": 58995
    },
    {
      "icon_id": "17827869",
      "name": "沙尘暴",
      "font_class": "shachenbao",
      "unicode": "e674",
      "unicode_decimal": 58996
    },
    {
      "icon_id": "17827901",
      "name": "浮尘扬沙",
      "font_class": "fuchenyangsha",
      "unicode": "e675",
      "unicode_decimal": 58997
    },
    {
      "icon_id": "17827981",
      "name": "沙尘暴",
      "font_class": "shachenbao1",
      "unicode": "e676",
      "unicode_decimal": 58998
    },
    {
      "icon_id": "17828094",
      "name": "浮尘扬沙",
      "font_class": "fuchenyangsha1",
      "unicode": "e677",
      "unicode_decimal": 58999
    },
    {
      "icon_id": "17828344",
      "name": "沙尘暴",
      "font_class": "shachenbao2",
      "unicode": "e678",
      "unicode_decimal": 59000
    },
    {
      "icon_id": "17829189",
      "name": "雾",
      "font_class": "wu",
      "unicode": "e679",
      "unicode_decimal": 59001
    },
    {
      "icon_id": "17829271",
      "name": "霾",
      "font_class": "mai1",
      "unicode": "e67a",
      "unicode_decimal": 59002
    },
    {
      "icon_id": "17829302",
      "name": "龙卷风",
      "font_class": "longjuanfeng",
      "unicode": "e67b",
      "unicode_decimal": 59003
    },
    {
      "icon_id": "17919268",
      "name": "雷阵雨伴有冰雹",
      "font_class": "leizhenyubanyoubingbao",
      "unicode": "e67c",
      "unicode_decimal": 59004
    },
    {
      "icon_id": "17919819",
      "name": "大雨",
      "font_class": "dayu",
      "unicode": "e67d",
      "unicode_decimal": 59005
    },
    {
      "icon_id": "17920354",
      "name": "暴雨",
      "font_class": "baoyu",
      "unicode": "e67e",
      "unicode_decimal": 59006
    },
    {
      "icon_id": "17920510",
      "name": "大暴雨",
      "font_class": "dabaoyu",
      "unicode": "e67f",
      "unicode_decimal": 59007
    },
    {
      "icon_id": "17920575",
      "name": "特大暴雨",
      "font_class": "tedabaoyu",
      "unicode": "e680",
      "unicode_decimal": 59008
    },
    {
      "icon_id": "17920943",
      "name": "小雨",
      "font_class": "xiaoyu",
      "unicode": "e681",
      "unicode_decimal": 59009
    },
    {
      "icon_id": "17921210",
      "name": "小雪",
      "font_class": "xiaoxue",
      "unicode": "e682",
      "unicode_decimal": 59010
    },
    {
      "icon_id": "17921506",
      "name": "大雪",
      "font_class": "daxue",
      "unicode": "e683",
      "unicode_decimal": 59011
    },
    {
      "icon_id": "17921602",
      "name": "特大暴雪",
      "font_class": "tedabaoxue",
      "unicode": "e684",
      "unicode_decimal": 59012
    },
    {
      "icon_id": "17922583",
      "name": "晴",
      "font_class": "sunny",
      "unicode": "e685",
      "unicode_decimal": 59013
    },
    {
      "icon_id": "17922584",
      "name": "雨",
      "font_class": "rain",
      "unicode": "e686",
      "unicode_decimal": 59014
    },
    {
      "icon_id": "17922585",
      "name": "雷阵雨",
      "font_class": "lighting",
      "unicode": "e687",
      "unicode_decimal": 59015
    },
    {
      "icon_id": "17922586",
      "name": "雪",
      "font_class": "snow",
      "unicode": "e688",
      "unicode_decimal": 59016
    },
    {
      "icon_id": "17922587",
      "name": "风",
      "font_class": "wind",
      "unicode": "e689",
      "unicode_decimal": 59017
    },
    {
      "icon_id": "17922588",
      "name": "雨夹雪",
      "font_class": "sleet",
      "unicode": "e68a",
      "unicode_decimal": 59018
    },
    {
      "icon_id": "29548736",
      "name": "Clear Night晴-夜晚",
      "font_class": "ClearNight-qing-yewan",
      "unicode": "e60a",
      "unicode_decimal": 58890
    },
    {
      "icon_id": "29548737",
      "name": "Blustery大风",
      "font_class": "Blustery-dafeng",
      "unicode": "e60b",
      "unicode_decimal": 58891
    },
    {
      "icon_id": "29548738",
      "name": "Cloudy多云",
      "font_class": "Cloudy-duoyun",
      "unicode": "e60c",
      "unicode_decimal": 58892
    },
    {
      "icon_id": "29548739",
      "name": "Blowing Snow飞雪",
      "font_class": "BlowingSnow-feixue",
      "unicode": "e60d",
      "unicode_decimal": 58893
    },
    {
      "icon_id": "29548740",
      "name": "Cold寒冷",
      "font_class": "Cold-hanleng",
      "unicode": "e60e",
      "unicode_decimal": 58894
    },
    {
      "icon_id": "29548741",
      "name": "Drizzle小雨",
      "font_class": "Drizzle-xiaoyu",
      "unicode": "e60f",
      "unicode_decimal": 58895
    },
    {
      "icon_id": "29548742",
      "name": "Fair晴-夜晚",
      "font_class": "Fair-qing-yewan",
      "unicode": "e610",
      "unicode_decimal": 58896
    },
    {
      "icon_id": "29548743",
      "name": "Foggy有雾",
      "font_class": "Foggy-youwu",
      "unicode": "e611",
      "unicode_decimal": 58897
    },
    {
      "icon_id": "29548744",
      "name": "Hail冰雹",
      "font_class": "Hail-bingbao",
      "unicode": "e612",
      "unicode_decimal": 58898
    },
    {
      "icon_id": "29548745",
      "name": "Fair晴-白天",
      "font_class": "Fair-qing-baitian",
      "unicode": "e613",
      "unicode_decimal": 58899
    },
    {
      "icon_id": "29548746",
      "name": "Hurricane飓风",
      "font_class": "Hurricane-jufeng",
      "unicode": "e614",
      "unicode_decimal": 58900
    },
    {
      "icon_id": "29548747",
      "name": "Freezing Rain冰雨",
      "font_class": "FreezingRain-bingyu",
      "unicode": "e615",
      "unicode_decimal": 58901
    },
    {
      "icon_id": "29548748",
      "name": "Haze中雾",
      "font_class": "Haze-zhongwu",
      "unicode": "e616",
      "unicode_decimal": 58902
    },
    {
      "icon_id": "29548749",
      "name": "Hot热",
      "font_class": "Hot-re",
      "unicode": "e617",
      "unicode_decimal": 58903
    },
    {
      "icon_id": "29548750",
      "name": "Mostly Cloudy Day晴间多云-白天",
      "font_class": "MostlyCloudyDay-qingjianduoyun-baitian",
      "unicode": "e618",
      "unicode_decimal": 58904
    },
    {
      "icon_id": "29548751",
      "name": "Freezing Drizzle冻雨",
      "font_class": "FreezingDrizzle-dongyu",
      "unicode": "e619",
      "unicode_decimal": 58905
    },
    {
      "icon_id": "29548752",
      "name": "Partly Cloudy Day晴转多云-白天",
      "font_class": "PartlyCloudyDay-qingzhuanduoyun-baitian",
      "unicode": "e61a",
      "unicode_decimal": 58906
    },
    {
      "icon_id": "29548753",
      "name": "Rain And Snow Mixed雨雪-1",
      "font_class": "RainAndSnowMixed-yuxue-1",
      "unicode": "e61b",
      "unicode_decimal": 58907
    },
    {
      "icon_id": "29548754",
      "name": "Showers阵雨",
      "font_class": "Showers-zhenyu",
      "unicode": "e61c",
      "unicode_decimal": 58908
    },
    {
      "icon_id": "29548755",
      "name": "Isolated Thundershowers局部雷雨",
      "font_class": "IsolatedThundershowers-jubuleiyu",
      "unicode": "e61d",
      "unicode_decimal": 58909
    },
    {
      "icon_id": "29548756",
      "name": "Scattered Showers零星阵雨",
      "font_class": "ScatteredShowers-lingxingzhenyu",
      "unicode": "e61e",
      "unicode_decimal": 58910
    },
    {
      "icon_id": "29548757",
      "name": "Heavy Snow大雪",
      "font_class": "HeavySnow-daxue",
      "unicode": "e61f",
      "unicode_decimal": 58911
    },
    {
      "icon_id": "29548758",
      "name": "Light Snow Showers阵雪",
      "font_class": "LightSnowShowers-zhenxue",
      "unicode": "e620",
      "unicode_decimal": 58912
    },
    {
      "icon_id": "29548759",
      "name": "Rain And Snow Mixed雨雪-2",
      "font_class": "RainAndSnowMixed-yuxue-2",
      "unicode": "e621",
      "unicode_decimal": 58913
    },
    {
      "icon_id": "29548760",
      "name": "Mixed Rain And Hail大雨和冰雹",
      "font_class": "MixedRainAndHail-dayuhebingbao",
      "unicode": "e622",
      "unicode_decimal": 58914
    },
    {
      "icon_id": "29548761",
      "name": "Partly Cloudy Night晴转多云-夜晚",
      "font_class": "PartlyCloudyNight-qingzhuanduoyun-yewan",
      "unicode": "e623",
      "unicode_decimal": 58915
    },
    {
      "icon_id": "29548762",
      "name": "Thunderstorms雷雨",
      "font_class": "Thunderstorms-leiyu",
      "unicode": "e624",
      "unicode_decimal": 58916
    },
    {
      "icon_id": "29548763",
      "name": "Thundershowers雷阵雨",
      "font_class": "Thundershowers-leizhenyu",
      "unicode": "e625",
      "unicode_decimal": 58917
    },
    {
      "icon_id": "29548764",
      "name": "Snow Flurries小雪",
      "font_class": "SnowFlurries-xiaoxue",
      "unicode": "e626",
      "unicode_decimal": 58918
    },
    {
      "icon_id": "29548765",
      "name": "Rain And Snow Mixed雨雪-3",
      "font_class": "RainAndSnowMixed-yuxue-3",
      "unicode": "e627",
      "unicode_decimal": 58919
    },
    {
      "icon_id": "29548766",
      "name": "Mostly Cloudy Night晴间多云-夜晚",
      "font_class": "MostlyCloudyNight-qingjianduoyun-yewan",
      "unicode": "e628",
      "unicode_decimal": 58920
    },
    {
      "icon_id": "29548767",
      "name": "Severe Thunderstorms强雷雨天气",
      "font_class": "SevereThunderstorms-qiangleiyutianqi",
      "unicode": "e629",
      "unicode_decimal": 58921
    },
    {
      "icon_id": "29548768",
      "name": "Sunny晴-白天",
      "font_class": "Sunny-qing-baitian",
      "unicode": "e62a",
      "unicode_decimal": 58922
    },
    {
      "icon_id": "29548769",
      "name": "Scattered Snow Showers零星阵雪",
      "font_class": "ScatteredSnowShowers-lingxingzhenxue",
      "unicode": "e62b",
      "unicode_decimal": 58923
    },
    {
      "icon_id": "29548770",
      "name": "Scattered Thunderstorms零星雷雨",
      "font_class": "ScatteredThunderstorms-lingxingleiyu",
      "unicode": "e62c",
      "unicode_decimal": 58924
    },
    {
      "icon_id": "29548771",
      "name": "Windy有风",
      "font_class": "Windy-youfeng",
      "unicode": "e62d",
      "unicode_decimal": 58925
    },
    {
      "icon_id": "29548772",
      "name": "Smoky大雾",
      "font_class": "Smoky-dawu",
      "unicode": "e62e",
      "unicode_decimal": 58926
    },
    {
      "icon_id": "29548773",
      "name": "Sleet雨夹雪",
      "font_class": "Sleet-yujiaxue",
      "unicode": "e62f",
      "unicode_decimal": 58927
    },
    {
      "icon_id": "29548774",
      "name": "Tropical Storm热带风暴",
      "font_class": "TropicalStorm-redaifengbao",
      "unicode": "e630",
      "unicode_decimal": 58928
    },
    {
      "icon_id": "29548775",
      "name": "Snow Showers阵雪",
      "font_class": "SnowShowers-zhenxue",
      "unicode": "e631",
      "unicode_decimal": 58929
    },
    {
      "icon_id": "29548776",
      "name": "Tornado龙卷风",
      "font_class": "Tornado-longjuanfeng",
      "unicode": "e632",
      "unicode_decimal": 58930
    },
    {
      "icon_id": "29548777",
      "name": "Snow雪",
      "font_class": "Snow-xue",
      "unicode": "e633",
      "unicode_decimal": 58931
    },
    {
      "icon_id": "29548778",
      "name": "Dust浮尘",
      "font_class": "Dust-fuchen",
      "unicode": "e634",
      "unicode_decimal": 58932
    },
    {
      "icon_id": "29548779",
      "name": "Not Available无数据",
      "font_class": "NotAvailable-wushuju",
      "unicode": "e635",
      "unicode_decimal": 58933
    }
  ]
}
